--
-- PostgreSQL database dump
--

SET statement_timeout = 0;
SET client_encoding = 'UTF8';
SET standard_conforming_strings = on;
SET check_function_bodies = false;
SET client_min_messages = warning;

--
-- Name: plpgsql; Type: EXTENSION; Schema: -; Owner: 
--

CREATE EXTENSION IF NOT EXISTS plpgsql WITH SCHEMA pg_catalog;


--
-- Name: EXTENSION plpgsql; Type: COMMENT; Schema: -; Owner: 
--

COMMENT ON EXTENSION plpgsql IS 'PL/pgSQL procedural language';


SET search_path = public, pg_catalog;

SET default_tablespace = '';

SET default_with_oids = false;

--
-- Name: ar_internal_metadata; Type: TABLE; Schema: public; Owner: postgres; Tablespace: 
--

CREATE TABLE ar_internal_metadata (
    key character varying NOT NULL,
    value character varying,
    created_at timestamp without time zone NOT NULL,
    updated_at timestamp without time zone NOT NULL
);


ALTER TABLE public.ar_internal_metadata OWNER TO postgres;

--
-- Name: categories; Type: TABLE; Schema: public; Owner: postgres; Tablespace: 
--

CREATE TABLE categories (
    id integer NOT NULL,
    title character varying,
    description text,
    created_at timestamp without time zone NOT NULL,
    updated_at timestamp without time zone NOT NULL
);


ALTER TABLE public.categories OWNER TO postgres;

--
-- Name: categories_id_seq; Type: SEQUENCE; Schema: public; Owner: postgres
--

CREATE SEQUENCE categories_id_seq
    START WITH 1
    INCREMENT BY 1
    NO MINVALUE
    NO MAXVALUE
    CACHE 1;


ALTER TABLE public.categories_id_seq OWNER TO postgres;

--
-- Name: categories_id_seq; Type: SEQUENCE OWNED BY; Schema: public; Owner: postgres
--

ALTER SEQUENCE categories_id_seq OWNED BY categories.id;


--
-- Name: orderitems; Type: TABLE; Schema: public; Owner: postgres; Tablespace: 
--

CREATE TABLE orderitems (
    id integer NOT NULL,
    item_id integer,
    title character varying,
    description text,
    quantity integer,
    price numeric,
    order_id integer,
    created_at timestamp without time zone NOT NULL,
    updated_at timestamp without time zone NOT NULL
);


ALTER TABLE public.orderitems OWNER TO postgres;

--
-- Name: orderitems_id_seq; Type: SEQUENCE; Schema: public; Owner: postgres
--

CREATE SEQUENCE orderitems_id_seq
    START WITH 1
    INCREMENT BY 1
    NO MINVALUE
    NO MAXVALUE
    CACHE 1;


ALTER TABLE public.orderitems_id_seq OWNER TO postgres;

--
-- Name: orderitems_id_seq; Type: SEQUENCE OWNED BY; Schema: public; Owner: postgres
--

ALTER SEQUENCE orderitems_id_seq OWNED BY orderitems.id;


--
-- Name: orders; Type: TABLE; Schema: public; Owner: postgres; Tablespace: 
--

CREATE TABLE orders (
    id integer NOT NULL,
    order_date timestamp without time zone,
    user_id integer,
    status character varying,
    created_at timestamp without time zone NOT NULL,
    updated_at timestamp without time zone NOT NULL
);


ALTER TABLE public.orders OWNER TO postgres;

--
-- Name: orders_id_seq; Type: SEQUENCE; Schema: public; Owner: postgres
--

CREATE SEQUENCE orders_id_seq
    START WITH 1
    INCREMENT BY 1
    NO MINVALUE
    NO MAXVALUE
    CACHE 1;


ALTER TABLE public.orders_id_seq OWNER TO postgres;

--
-- Name: orders_id_seq; Type: SEQUENCE OWNED BY; Schema: public; Owner: postgres
--

ALTER SEQUENCE orders_id_seq OWNED BY orders.id;


--
-- Name: products; Type: TABLE; Schema: public; Owner: postgres; Tablespace: 
--

CREATE TABLE products (
    id integer NOT NULL,
    title character varying,
    description text,
    price numeric,
    image_url character varying,
    category character varying,
    brand character varying,
    weight numeric,
    created_at timestamp without time zone NOT NULL,
    updated_at timestamp without time zone NOT NULL
);


ALTER TABLE public.products OWNER TO postgres;

--
-- Name: products_id_seq; Type: SEQUENCE; Schema: public; Owner: postgres
--

CREATE SEQUENCE products_id_seq
    START WITH 1
    INCREMENT BY 1
    NO MINVALUE
    NO MAXVALUE
    CACHE 1;


ALTER TABLE public.products_id_seq OWNER TO postgres;

--
-- Name: products_id_seq; Type: SEQUENCE OWNED BY; Schema: public; Owner: postgres
--

ALTER SEQUENCE products_id_seq OWNED BY products.id;


--
-- Name: schema_migrations; Type: TABLE; Schema: public; Owner: postgres; Tablespace: 
--

CREATE TABLE schema_migrations (
    version character varying NOT NULL
);


ALTER TABLE public.schema_migrations OWNER TO postgres;

--
-- Name: site_contents; Type: TABLE; Schema: public; Owner: postgres; Tablespace: 
--

CREATE TABLE site_contents (
    id integer NOT NULL,
    title character varying,
    header1 character varying,
    header2 character varying,
    description1 character varying,
    description2 character varying,
    image character varying,
    created_at timestamp without time zone NOT NULL,
    updated_at timestamp without time zone NOT NULL,
    email character varying,
    phonenumber character varying,
    address character varying
);


ALTER TABLE public.site_contents OWNER TO postgres;

--
-- Name: site_contents_id_seq; Type: SEQUENCE; Schema: public; Owner: postgres
--

CREATE SEQUENCE site_contents_id_seq
    START WITH 1
    INCREMENT BY 1
    NO MINVALUE
    NO MAXVALUE
    CACHE 1;


ALTER TABLE public.site_contents_id_seq OWNER TO postgres;

--
-- Name: site_contents_id_seq; Type: SEQUENCE OWNED BY; Schema: public; Owner: postgres
--

ALTER SEQUENCE site_contents_id_seq OWNED BY site_contents.id;


--
-- Name: users; Type: TABLE; Schema: public; Owner: postgres; Tablespace: 
--

CREATE TABLE users (
    id integer NOT NULL,
    email character varying DEFAULT ''::character varying NOT NULL,
    encrypted_password character varying DEFAULT ''::character varying NOT NULL,
    reset_password_token character varying,
    reset_password_sent_at timestamp without time zone,
    remember_created_at timestamp without time zone,
    created_at timestamp without time zone NOT NULL,
    updated_at timestamp without time zone NOT NULL,
    admin boolean,
    name character varying
);


ALTER TABLE public.users OWNER TO postgres;

--
-- Name: users_id_seq; Type: SEQUENCE; Schema: public; Owner: postgres
--

CREATE SEQUENCE users_id_seq
    START WITH 1
    INCREMENT BY 1
    NO MINVALUE
    NO MAXVALUE
    CACHE 1;


ALTER TABLE public.users_id_seq OWNER TO postgres;

--
-- Name: users_id_seq; Type: SEQUENCE OWNED BY; Schema: public; Owner: postgres
--

ALTER SEQUENCE users_id_seq OWNED BY users.id;


--
-- Name: id; Type: DEFAULT; Schema: public; Owner: postgres
--

ALTER TABLE ONLY categories ALTER COLUMN id SET DEFAULT nextval('categories_id_seq'::regclass);


--
-- Name: id; Type: DEFAULT; Schema: public; Owner: postgres
--

ALTER TABLE ONLY orderitems ALTER COLUMN id SET DEFAULT nextval('orderitems_id_seq'::regclass);


--
-- Name: id; Type: DEFAULT; Schema: public; Owner: postgres
--

ALTER TABLE ONLY orders ALTER COLUMN id SET DEFAULT nextval('orders_id_seq'::regclass);


--
-- Name: id; Type: DEFAULT; Schema: public; Owner: postgres
--

ALTER TABLE ONLY products ALTER COLUMN id SET DEFAULT nextval('products_id_seq'::regclass);


--
-- Name: id; Type: DEFAULT; Schema: public; Owner: postgres
--

ALTER TABLE ONLY site_contents ALTER COLUMN id SET DEFAULT nextval('site_contents_id_seq'::regclass);


--
-- Name: id; Type: DEFAULT; Schema: public; Owner: postgres
--

ALTER TABLE ONLY users ALTER COLUMN id SET DEFAULT nextval('users_id_seq'::regclass);


--
-- Data for Name: ar_internal_metadata; Type: TABLE DATA; Schema: public; Owner: postgres
--

COPY ar_internal_metadata (key, value, created_at, updated_at) FROM stdin;
environment	development	2019-11-19 13:57:18.775019	2019-11-19 13:57:18.775019
\.


--
-- Data for Name: categories; Type: TABLE DATA; Schema: public; Owner: postgres
--

COPY categories (id, title, description, created_at, updated_at) FROM stdin;
1	Espresso Machine	A variety of machines to help you make quality coffee 	2019-11-20 14:21:50.245544	2019-11-20 14:22:44.778296
2	Grinder	An essential to make quality coffee. Buy beans whole so they fresh for longer, and grind them as you need.	2019-11-20 14:23:24.09346	2019-11-20 14:23:24.09346
4	Milk Frother	An essential if you enjoy your flat whites, cappuccino, or latte's!	2019-11-20 14:25:48.875905	2019-11-20 14:25:48.875905
5	Coffee Beans	Beans from all over the world!	2019-11-20 14:26:06.324703	2019-11-20 14:26:06.324703
3	Milk Frothing Pitcher	A pitcher ensures the milk can reach the correct temperature	2019-11-20 14:25:09.212516	2019-11-20 19:13:02.450258
\.


--
-- Name: categories_id_seq; Type: SEQUENCE SET; Schema: public; Owner: postgres
--

SELECT pg_catalog.setval('categories_id_seq', 5, true);


--
-- Data for Name: orderitems; Type: TABLE DATA; Schema: public; Owner: postgres
--

COPY orderitems (id, item_id, title, description, quantity, price, order_id, created_at, updated_at) FROM stdin;
1	1	Breville - The Barista Express Espresso Machine	Single or double shots.\r\nPrecise espresso extraction.\r\nAdjustable grind amount & manual override.\r\nPower 1600 Watts.	6	579.95	3	2019-11-22 09:30:43.648553	2019-11-22 09:30:43.648553
2	5	Bowuttd - Espresso Machine Coffee Maker	Single or double shots.\r\n\r\n15 Bar high-pressure pump.\r\n\r\nLarge Removable Water Tank.\r\n\r\nPower 1050 Watts.	5	69.99	3	2019-11-22 09:30:43.653525	2019-11-22 09:30:43.653525
3	1	Breville - The Barista Express Espresso Machine	Single or double shots.\r\nPrecise espresso extraction.\r\nAdjustable grind amount & manual override.\r\nPower 1600 Watts.	6	579.95	4	2019-11-22 09:32:45.939445	2019-11-22 09:32:45.939445
4	5	Bowuttd - Espresso Machine Coffee Maker	Single or double shots.\r\n\r\n15 Bar high-pressure pump.\r\n\r\nLarge Removable Water Tank.\r\n\r\nPower 1050 Watts.	5	69.99	4	2019-11-22 09:32:45.943937	2019-11-22 09:32:45.943937
5	1	Breville - The Barista Express Espresso Machine	Single or double shots.\r\nPrecise espresso extraction.\r\nAdjustable grind amount & manual override.\r\nPower 1600 Watts.	6	579.95	5	2019-11-22 09:37:19.787902	2019-11-22 09:37:19.787902
6	5	Bowuttd - Espresso Machine Coffee Maker	Single or double shots.\r\n\r\n15 Bar high-pressure pump.\r\n\r\nLarge Removable Water Tank.\r\n\r\nPower 1050 Watts.	5	69.99	5	2019-11-22 09:37:19.792348	2019-11-22 09:37:19.792348
7	3	Gevi - Professional Espresso Machine	Single or double shots.\r\n\r\nBar Stainless Steel Coffee Brewer\r\n\r\nLarge reservoir.\r\n\r\nPower 1450 Watts.	1	145.57	11	2019-11-22 09:42:53.214441	2019-11-22 09:42:53.214441
8	3	Gevi - Professional Espresso Machine	Single or double shots.\r\n\r\nBar Stainless Steel Coffee Brewer\r\n\r\nLarge reservoir.\r\n\r\nPower 1450 Watts.	1	145.57	12	2019-11-22 09:53:02.341858	2019-11-22 09:53:02.341858
9	1	Breville - The Barista Express Espresso Machine	Single or double shots.\r\nPrecise espresso extraction.\r\nAdjustable grind amount & manual override.\r\nPower 1600 Watts.	1	579.95	13	2019-11-22 09:54:11.521787	2019-11-22 09:54:11.521787
10	3	Gevi - Professional Espresso Machine	Single or double shots.\r\n\r\nBar Stainless Steel Coffee Brewer\r\n\r\nLarge reservoir.\r\n\r\nPower 1450 Watts.	1	145.57	14	2019-11-22 09:55:05.624235	2019-11-22 09:55:05.624235
11	5	Bowuttd - Espresso Machine Coffee Maker	Single or double shots.\r\n\r\n15 Bar high-pressure pump.\r\n\r\nLarge Removable Water Tank.\r\n\r\nPower 1050 Watts.	1	69.99	15	2019-11-22 09:57:32.53266	2019-11-22 09:57:32.53266
12	5	Bowuttd - Espresso Machine Coffee Maker	Single or double shots.\r\n\r\n15 Bar high-pressure pump.\r\n\r\nLarge Removable Water Tank.\r\n\r\nPower 1050 Watts.	1	69.99	16	2019-11-22 10:01:56.870592	2019-11-22 10:01:56.870592
13	6	Breville - The Smart Grinder Pro	60 precise grind settings.\r\nQuantity control dial from 2 to 20 cups.\r\nBrushed Stainless Steel.\r\nPower 165 Watts.	3	52.99	17	2019-11-22 10:03:02.277451	2019-11-22 10:03:02.277451
14	22	Presto- Robusta Rocket Roast	Robusta coffee.\r\nDark Roast.\r\nNotes of Dark Chocolate.\r\nOrigin: Italy.	3	14.99	18	2019-11-22 12:46:00.714892	2019-11-22 12:46:00.714892
15	8	DeLonghi - Coffee Grinder	3 grind settings.\r\nQuantity control dial from 4 to 12 cups.\r\nStainless Steel.\r\nPower 150 Watts.\r\n	1	52.13	19	2019-11-22 12:51:15.225732	2019-11-22 12:51:15.225732
16	1	Breville - The Barista Express Espresso Machine	Single or double shots.\r\nPrecise espresso extraction.\r\nAdjustable grind amount & manual override.\r\nPower 1600 Watts.	1	579.95	20	2019-11-22 17:19:52.812254	2019-11-22 17:19:52.812254
17	3	Gevi - Professional Espresso Machine	Single or double shots.\r\n\r\nBar Stainless Steel Coffee Brewer\r\n\r\nLarge reservoir.\r\n\r\nPower 1450 Watts.	1	145.57	20	2019-11-22 17:19:52.824415	2019-11-22 17:19:52.824415
18	3	Gevi - Professional Espresso Machine	Single or double shots.\r\n\r\nBar Stainless Steel Coffee Brewer\r\n\r\nLarge reservoir.\r\n\r\nPower 1450 Watts.	1	145.57	22	2019-11-22 18:18:11.452609	2019-11-22 18:18:11.452609
19	3	Gevi - Professional Espresso Machine	Single or double shots.\r\n\r\nBar Stainless Steel Coffee Brewer\r\n\r\nLarge reservoir.\r\n\r\nPower 1450 Watts.	1	145.57	23	2019-11-22 18:22:45.265209	2019-11-22 18:22:45.265209
20	3	Gevi - Professional Espresso Machine	Single or double shots.\r\n\r\nBar Stainless Steel Coffee Brewer\r\n\r\nLarge reservoir.\r\n\r\nPower 1450 Watts.	1	145.57	24	2019-11-22 18:29:57.335219	2019-11-22 18:29:57.335219
21	3	Gevi - Professional Espresso Machine	Single or double shots.\r\n\r\nBar Stainless Steel Coffee Brewer\r\n\r\nLarge reservoir.\r\n\r\nPower 1450 Watts.	1	145.57	25	2019-11-22 18:46:16.164607	2019-11-22 18:46:16.164607
22	1	Breville - The Barista Express Espresso Machine	Single or double shots.\r\nPrecise espresso extraction.\r\nAdjustable grind amount & manual override.\r\nPower 1600 Watts.	1	579.95	26	2019-11-22 18:52:09.032686	2019-11-22 18:52:09.032686
23	3	Gevi - Professional Espresso Machine	Single or double shots.\r\n\r\nBar Stainless Steel Coffee Brewer\r\n\r\nLarge reservoir.\r\n\r\nPower 1450 Watts.	1	145.57	27	2019-11-22 19:03:58.661479	2019-11-22 19:03:58.661479
24	3	Gevi - Professional Espresso Machine	Single or double shots.\r\n\r\nBar Stainless Steel Coffee Brewer\r\n\r\nLarge reservoir.\r\n\r\nPower 1450 Watts.	1	145.57	28	2019-11-22 19:38:11.459224	2019-11-22 19:38:11.459224
25	8	DeLonghi - Coffee Grinder	3 grind settings.\r\nQuantity control dial from 4 to 12 cups.\r\nStainless Steel.\r\nPower 150 Watts.\r\n	2	52.13	29	2019-11-22 20:17:47.831993	2019-11-22 20:17:47.831993
26	5	Bowuttd - Espresso Machine Coffee Maker	Single or double shots.\r\n\r\n15 Bar high-pressure pump.\r\n\r\nLarge Removable Water Tank.\r\n\r\nPower 1050 Watts.	1	69.99	30	2019-11-22 21:03:45.698029	2019-11-22 21:03:45.698029
27	1	Breville - The Barista Express Espresso Machine	Single or double shots.\r\nPrecise espresso extraction.\r\nAdjustable grind amount & manual override.\r\nPower 1600 Watts.	1	579.95	31	2019-11-23 18:15:23.182533	2019-11-23 18:15:23.182533
\.


--
-- Name: orderitems_id_seq; Type: SEQUENCE SET; Schema: public; Owner: postgres
--

SELECT pg_catalog.setval('orderitems_id_seq', 27, true);


--
-- Data for Name: orders; Type: TABLE DATA; Schema: public; Owner: postgres
--

COPY orders (id, order_date, user_id, status, created_at, updated_at) FROM stdin;
2	2019-11-22 09:29:20.198568	1	Pending	2019-11-22 09:29:20.206068	2019-11-22 09:29:20.206068
3	2019-11-22 09:30:43.619623	1	Pending	2019-11-22 09:30:43.625081	2019-11-22 09:30:43.625081
4	2019-11-22 09:32:45.932653	1	Pending	2019-11-22 09:32:45.934153	2019-11-22 09:32:45.934153
5	2019-11-22 09:37:19.764041	1	Pending	2019-11-22 09:37:19.769393	2019-11-22 09:37:19.769393
6	2019-11-22 09:40:43.571109	1	Pending	2019-11-22 09:40:43.572627	2019-11-22 09:40:43.572627
7	2019-11-22 09:40:55.75485	1	Pending	2019-11-22 09:40:55.75626	2019-11-22 09:40:55.75626
8	2019-11-22 09:41:20.918684	1	Pending	2019-11-22 09:41:20.920089	2019-11-22 09:41:20.920089
9	2019-11-22 09:42:10.072435	1	Pending	2019-11-22 09:42:10.073825	2019-11-22 09:42:10.073825
10	2019-11-22 09:42:39.264028	1	Pending	2019-11-22 09:42:39.265535	2019-11-22 09:42:39.265535
11	2019-11-22 09:42:53.207848	1	Pending	2019-11-22 09:42:53.209341	2019-11-22 09:42:53.209341
12	2019-11-22 09:53:02.315661	1	Pending	2019-11-22 09:53:02.326871	2019-11-22 09:53:02.326871
13	2019-11-22 09:54:11.496784	1	Pending	2019-11-22 09:54:11.506763	2019-11-22 09:54:11.506763
14	2019-11-22 09:55:05.598742	1	Pending	2019-11-22 09:55:05.608554	2019-11-22 09:55:05.608554
15	2019-11-22 09:57:32.509118	1	Paid by User: admin@cc.com	2019-11-22 09:57:32.51749	2019-11-22 09:57:35.08519
16	2019-11-22 10:01:56.856172	5	Paid by User: d@cc.com	2019-11-22 10:01:56.857728	2019-11-22 10:01:58.816396
17	2019-11-22 10:03:02.2604	5	Paid by User: 	2019-11-22 10:03:02.261988	2019-11-22 10:03:03.863267
18	2019-11-22 12:46:00.681189	3	Paid by User: dave@cc.com	2019-11-22 12:46:00.69507	2019-11-22 12:46:08.35835
19	2019-11-22 12:51:15.2194	3	Paid by User: dave@cc.com	2019-11-22 12:51:15.220863	2019-11-22 12:51:19.916836
20	2019-11-22 17:19:52.754844	1	Pending	2019-11-22 17:19:52.770436	2019-11-22 17:19:52.770436
21	2019-11-22 17:20:09.645587	1	Paid by User: admin@cc.com	2019-11-22 17:20:09.647249	2019-11-22 17:20:11.584844
22	2019-11-22 18:18:11.433661	8	Pending	2019-11-22 18:18:11.436443	2019-11-22 18:18:11.436443
23	2019-11-22 18:22:45.256359	8	Pending	2019-11-22 18:22:45.258458	2019-11-22 18:22:45.258458
24	2019-11-22 18:29:57.326079	8	Pending	2019-11-22 18:29:57.328261	2019-11-22 18:29:57.328261
1	2019-11-22 09:26:29.039981	1	Paid with Paypal	2019-11-22 09:26:29.053083	2019-11-22 18:38:02.805241
25	2019-11-22 18:46:16.148085	8	Pending	2019-11-22 18:46:16.15057	2019-11-22 18:46:16.15057
26	2019-11-22 18:52:09.025479	8	Paid with Paypal	2019-11-22 18:52:09.027236	2019-11-22 18:53:03.682774
27	2019-11-22 19:03:58.654485	8	Paid with Paypal	2019-11-22 19:03:58.65617	2019-11-22 19:05:02.88909
28	2019-11-22 19:38:11.439623	8	Paid with Paypal	2019-11-22 19:38:11.441951	2019-11-22 19:38:51.411432
29	2019-11-22 20:17:47.809758	1	Paid by User: admin@cc.com	2019-11-22 20:17:47.812628	2019-11-22 20:17:57.125485
30	2019-11-22 21:03:45.649548	3	Paid with Paypal	2019-11-22 21:03:45.661132	2019-11-22 21:05:12.587482
31	2019-11-23 18:15:23.149368	2	Paid by User: tom@cc.com	2019-11-23 18:15:23.163183	2019-11-23 18:15:26.81099
\.


--
-- Name: orders_id_seq; Type: SEQUENCE SET; Schema: public; Owner: postgres
--

SELECT pg_catalog.setval('orders_id_seq', 31, true);


--
-- Data for Name: products; Type: TABLE DATA; Schema: public; Owner: postgres
--

COPY products (id, title, description, price, image_url, category, brand, weight, created_at, updated_at) FROM stdin;
1	Breville - The Barista Express Espresso Machine	Single or double shots.\r\nPrecise espresso extraction.\r\nAdjustable grind amount & manual override.\r\nPower 1600 Watts.	579.95	https://ssdcoffeeconnect.s3.amazonaws.com/assets/images/products/equipment/+%E2%80%9CExpresso+Machine%E2%80%9D/EXPRESSO_MACHINE/Breville+the+Barista+Express+Espresso+Machine%2C+BES870XL.jpg	Espresso Machine	Breville	10.0	2019-11-19 21:36:01.120224	2019-11-19 22:25:19.169542
3	Gevi - Professional Espresso Machine	Single or double shots.\r\n\r\nBar Stainless Steel Coffee Brewer\r\n\r\nLarge reservoir.\r\n\r\nPower 1450 Watts.	145.57	https://ssdcoffeeconnect.s3.amazonaws.com/assets/images/products/equipment/+%E2%80%9CExpresso+Machine%E2%80%9D/EXPRESSO_MACHINE/Gevi+_Espresso+Machine+Coffee+Machine+15+Bar+Stainless+Steel+Coffee+Brewer+with+Milk+Frother+Wand%2C+Package+wFree+Milk+Frothing+Pitcher%2C+for+Cappuccino%2C+Latte+and+Mocha.jpg	Espresso Machine	Gevi	5.0	2019-11-20 09:30:05.469136	2019-11-20 09:30:05.469136
5	Bowuttd - Espresso Machine Coffee Maker	Single or double shots.\r\n\r\n15 Bar high-pressure pump.\r\n\r\nLarge Removable Water Tank.\r\n\r\nPower 1050 Watts.	69.99	https://ssdcoffeeconnect.s3.amazonaws.com/assets/images/products/equipment/+%E2%80%9CExpresso+Machine%E2%80%9D/EXPRESSO_MACHINE/BOWUTTD+Espresso+Machine+Coffee+Maker%2C+1.25L+Coffee+Machine%2CCappuccino%2C+Latte%2C+Moka+and+Espresso+Maker+with+Milk+Frothing+Arm+for+Home+and+Office%2C+1050W%2C+15+Bar+Pump%2C+SilverStainless+Steel.jpg	Espresso Machine	Bowuttd	5.0	2019-11-20 09:32:58.172315	2019-11-20 09:32:58.172315
6	Breville - The Smart Grinder Pro	60 precise grind settings.\r\nQuantity control dial from 2 to 20 cups.\r\nBrushed Stainless Steel.\r\nPower 165 Watts.	52.99	https://ssdcoffeeconnect.s3.amazonaws.com/assets/images/products/equipment/+%E2%80%9CExpresso+Machine%E2%80%9D/COFFEE_GRINDER/Breville+BCG820BSSXL+The+Smart+Grinder+Pro+Coffee+Bean+Grinder%2C+Brushed+Stainless+Steel.jpg	Grinder	DeLonghi	1.36	2019-11-20 09:34:00.93511	2019-11-20 09:34:00.93511
7	DeLonghi - Dedica Coffee Grinder	LCD display with Aroma Function (mild, normal and thick).\r\nQuantity control dial from 1 to 18 cups.\r\nStainless Steel.\r\nPower 150 Watts.	162.17	https://ssdcoffeeconnect.s3.amazonaws.com/assets/images/products/equipment/+%E2%80%9CExpresso+Machine%E2%80%9D/COFFEE_GRINDER/Delonghi+Stainless+Steel+Dedica+Coffee+Grinder+KG521M.jpg	Grinder	DeLonghi	2.72	2019-11-20 09:35:18.064771	2019-11-20 09:35:18.064771
8	DeLonghi - Coffee Grinder	3 grind settings.\r\nQuantity control dial from 4 to 12 cups.\r\nStainless Steel.\r\nPower 150 Watts.\r\n	52.13	https://ssdcoffeeconnect.s3.amazonaws.com/assets/images/products/equipment/+%E2%80%9CExpresso+Machine%E2%80%9D/COFFEE_GRINDER/DeLonghi+Stainless+Steel+Burr+Coffee+Grinder+with+Grind+Selector+and+Quantity+Control.jpg	Grinder	DeLonghi	1.36	2019-11-20 09:37:36.904938	2019-11-20 09:37:36.904938
9	Shardor - Electric Coffee Grinder	12 Adjustable settings.\r\nQuantity control dial from 2 to 12 cups.\r\nStainless Steel.\r\nPower 150 Watts	52.99	https://ssdcoffeeconnect.s3.amazonaws.com/assets/images/products/equipment/+%E2%80%9CExpresso+Machine%E2%80%9D/COFFEE_GRINDER/SHARDOR+Electric+Burr+Coffee+Grinder+Mill+with+12+Adjustable+Grinding%2CCoffee+Grinders+with+12+Cups%2CBlack.jpg	Grinder	Shardor	0.9	2019-11-20 09:38:47.163902	2019-11-20 09:38:47.163902
10	Cuisinart - Supreme Grind	18-position grind selector. \r\nQuantity control dial from 4 to 18 cups.\r\nStainless Steel.\r\nPower 140 Watts.	36.99	https://ssdcoffeeconnect.s3.amazonaws.com/assets/images/products/equipment/+%E2%80%9CExpresso+Machine%E2%80%9D/COFFEE_GRINDER/Cuisinart+DBM-8+Supreme+Grind+Automatic+Burr+Mill.jpg	Grinder	Cuisinart	1.81	2019-11-20 09:39:53.305539	2019-11-20 09:39:53.305539
11	DeLonghi - Milk Frothing Jug	Capicity 354 ml.\r\nConvenient pour spout.\r\nStainless Steel.	14.99	https://ssdcoffeeconnect.s3.amazonaws.com/assets/images/products/equipment/+%E2%80%9CExpresso+Machine%E2%80%9D/MILK_FROTHING_PITCHER/519Zp39m5cL._AC_SL1050_.jpg	Milk Frothing Pitcher	DeLonghi	0.14	2019-11-20 09:41:33.344082	2019-11-20 09:41:33.344082
12	Breville - Milk Jug	Capicity 473 ml.\r\nCrash-proof,unbreakable.\r\nConvenient pour spout.\r\nStainless Steel.	59.97	https://ssdcoffeeconnect.s3.amazonaws.com/assets/images/products/equipment/+%E2%80%9CExpresso+Machine%E2%80%9D/MILK_FROTHING_PITCHER/Breville+Stainless+Steel+Temp+Control+Milk+Jug%2C+16oz.+Capacity%2C+BES003XL.jpg	Milk Frothing Pitcher	Breville	0.22	2019-11-20 09:42:32.098139	2019-11-20 09:42:32.098139
13	Star Coffee - Frothing Pitcher	Capicity 590 ml.\r\nMeasurements on Both Sides Inside.\r\nMicrofiber Cloth.\r\nStainless Steel.	16.8	https://ssdcoffeeconnect.s3.amazonaws.com/assets/images/products/equipment/+%E2%80%9CExpresso+Machine%E2%80%9D/MILK_FROTHING_PITCHER/Star+Coffee+20%2C+12+or+30oz+Stainless+Steel+Milk+Frothing+Pitcher+-+Measurements+on+Both+Sides+Inside+Plus+eBook+%26+Microfiber+Cloth+-+Perfect+for....jpg	Milk Frothing Pitcher	Star Coffee	0.14	2019-11-20 09:43:57.65532	2019-11-20 09:43:57.65532
14	Camaka - Latte Art	Capicity 590 ml.\r\nConvenient pour spout.\r\nMicrofiber Cloth.\r\nStainless Steel.	10.99	https://ssdcoffeeconnect.s3.amazonaws.com/assets/images/products/equipment/+%E2%80%9CExpresso+Machine%E2%80%9D/MILK_FROTHING_PITCHER/Stainless+Steel+Milk+Frothing+Pitcher+Cappuccino+Pitcher+Pouring+Jug+Espresso+Cup+Creamer+Cup+for+Latte+Art+(20+oz+(600ml)).jpg	Milk Frothing Pitcher	Star Coffee	0.25	2019-11-20 09:45:07.870073	2019-11-20 09:45:07.870073
15	LYH - Milk Frother	Blistering starts in 1-5 seconds.\r\nErgonomic handle made of durable ABS material.\r\nFDA and LDFG certified.	7.99	https://ssdcoffeeconnect.s3.amazonaws.com/assets/images/products/equipment/+%E2%80%9CExpresso+Machine%E2%80%9D/MILK_FROTHER/%E2%80%9CLYH+-+Milk+Frother%E2%80%9D.jpg	Milk Frother	LYH	0.64	2019-11-20 09:46:37.004873	2019-11-20 09:46:37.004873
16	Vremi - Milk Frother	Blistering starts in 1-8 seconds.\r\nPowerful Metal Mixer Wand.\r\nFDA and LDFG certified.	13.99	https://ssdcoffeeconnect.s3.amazonaws.com/assets/images/products/equipment/+%E2%80%9CExpresso+Machine%E2%80%9D/MILK_FROTHER/Vremi+Handheld+Milk+Frother+Wand.jpg	Milk Frother	Vremi	0.14	2019-11-20 09:47:41.396702	2019-11-20 09:47:41.396702
17	Café Britt - Costa Rican Tres Rios Valdivia Coffee	Arabica coffee.\r\n Medium roasted.\r\nAroma of honey-nut.\r\n Origin: Costa Rica.	10.0	https://ssdcoffeeconnect.s3.amazonaws.com/assets/images/products/equipment/+%E2%80%9CExpresso+Machine%E2%80%9D/ARABICA/Caf%C3%A9+Britt+-+Costa+Rican+Tres+Rios+Valdivia+Coffee+(12+oz.)+(3-Pack)+-+Whole+Bean%2C+Arabica+Coffee%2C+Kosher%2C+Gluten+Free%2C+100%25+Gourmet+%26+Medium+Light+Roast+(1+Year+Shelf-Life).jpg	Coffee Beans	Café Britt	0.35	2019-11-20 09:49:14.646311	2019-11-20 09:49:14.646311
20	Lavazza - Organic Tierra	Arabica coffee.\r\nRoasted.\r\nNotes of Honey, Malt, and Chocolate.\r\nOrigin: Italy.	18.0	https://ssdcoffeeconnect.s3.amazonaws.com/assets/images/products/equipment/+%E2%80%9CExpresso+Machine%E2%80%9D/ARABICA/Lavazza+Organic+Tierra!+Whole+Bean+Coffee+Blend%2C+Italian+Roast%2C+2.2+Pound.jpg	Coffee Beans	Lavazza	0.9	2019-11-20 09:54:41.226837	2019-11-20 09:54:41.226837
4	Barsetto - Espresso Machine	Single or double shots.\r\n\r\n15 Bar high-pressure pump.\r\n\r\nLarge reservoir. \r\n\r\nPower 1000 Watts.	120.0	https://ssdcoffeeconnect.s3.amazonaws.com/assets/images/products/equipment/+%E2%80%9CExpresso+Machine%E2%80%9D/EXPRESSO_MACHINE/61iuIjVzLPL._AC_UL320_ML3_.jpg	Espresso Machine	Barsetto	4.0	2019-11-20 09:31:31.649538	2019-11-20 19:30:40.833674
18	Café Britt - Costa Rican Poas Tierra Volcanica Coffee	Arabica coffee.\r\nMedium roasted.\r\nEarthy coffee with notes of Lemon and Flowers.\r\nOrigin: Costa Rica.	15.0	https://ssdcoffeeconnect.s3.amazonaws.com/assets/images/products/equipment/+%E2%80%9CExpresso+Machine%E2%80%9D/ARABICA/Caf%C3%A9+Britt+-+Costa+Rican+Poas+Tierra+Volcanica+Coffee+(12+oz.)+(3-Pack)+-+Whole+Bean%2C+Arabica+Coffee%2C+Kosher%2C+Gluten+Free%2C+100%25+Gourmet+%26+Medium+Light+Roast+(1+Year+Shelf-Life).jpg	Coffee Beans	Café Britt	0.35	2019-11-20 09:50:46.135058	2019-11-20 09:50:46.135058
19	Lavazza - Kafa Forest Coffee	Arabica coffee.\r\nMedium roasted.\r\nFlavors of plum, allspice, and orange citrus.\r\nOrigin: Ethiopia.”\r\n	18.0	https://ssdcoffeeconnect.s3.amazonaws.com/assets/images/products/equipment/+%E2%80%9CExpresso+Machine%E2%80%9D/ARABICA/Lavazza+Kafa+Forest+Coffee+Whole+Beans%2C+Single+Origin+Ethiopia%2C+100%25+Arabica+1.1+Pound+Bag+(Pack+of+1).jpg	Coffee Beans	Lavazza	0.45	2019-11-20 09:51:49.980496	2019-11-20 09:53:46.993101
21	Cafe Don Pablo - Gourmet Coffee	Arabica coffee.\r\nMedium-Dark Roast.\r\nMedium to Full Bodied with a Very Smooth Cocoa Toned Finish & Low Acidity\r\nOrigin: Blend of Colombia, Guatemala, and Brazil.	14.99	https://ssdcoffeeconnect.s3.amazonaws.com/assets/images/products/equipment/+%E2%80%9CExpresso+Machine%E2%80%9D/ARABICA/2LB+Cafe+Don+Pablo+Gourmet+Coffee+Signature+Blend+-+Medium-Dark+Roast+Coffee+-+Whole+Bean+Coffee+-+2+Pound+(+2lb+)+Bag.jpg	Coffee Beans	Cafe Don Pablo	0.9	2019-11-20 09:57:12.240554	2019-11-20 09:57:12.240554
22	Presto- Robusta Rocket Roast	Robusta coffee.\r\nDark Roast.\r\nNotes of Dark Chocolate.\r\nOrigin: Italy.	14.99	https://ssdcoffeeconnect.s3.amazonaws.com/assets/images/products/equipment/+%E2%80%9CExpresso+Machine%E2%80%9D/ROBUSTA/Presto+Coffee+Beans+-+Robusta+Rocket+Roast+-+Dark+Roast+Whole+Bean+Energy+Drink+-+(Coffee+Beans+1KG).jpg	Coffee Beans	Presto	1.0	2019-11-20 09:58:06.864564	2019-11-20 09:58:06.864564
2	DeLonghi - La Specialista Espresso Machine	Single or double shots.\r\n\r\nSensor Grinder.\r\n\r\nAdvanced Latte System & Hot Water Spout. \r\n\r\nPower 1450 Watts.	749.99	https://ssdcoffeeconnect.s3.amazonaws.com/assets/images/products/equipment/+%E2%80%9CExpresso+Machine%E2%80%9D/EXPRESSO_MACHINE/815QbVa7QxL._AC_UL320_ML3_.jpg	Espresso Machine	DeLonghi	13.0	2019-11-19 21:39:42.760485	2019-11-20 19:24:54.789116
\.


--
-- Name: products_id_seq; Type: SEQUENCE SET; Schema: public; Owner: postgres
--

SELECT pg_catalog.setval('products_id_seq', 22, true);


--
-- Data for Name: schema_migrations; Type: TABLE DATA; Schema: public; Owner: postgres
--

COPY schema_migrations (version) FROM stdin;
20191119135543
20191119142553
20191119194553
20191120141636
20191120201954
20191121170459
20191121203512
20191121203547
20191121203612
20191121204354
20191121204409
20191121204420
20191122091121
20191122091318
\.


--
-- Data for Name: site_contents; Type: TABLE DATA; Schema: public; Owner: postgres
--

COPY site_contents (id, title, header1, header2, description1, description2, image, created_at, updated_at, email, phonenumber, address) FROM stdin;
1	About Us	We aspire to bring coffees of outstanding cup quality	Build the Dream Cafe	Coffee Connect offers a full line of exquisite single-origin coffees and blends for your cafe or restaurant. If you're thinking of opening a new cafe, looking to switch coffees, or simply thinking of adding a new roaster to your coffee service, we offer extensive options. 	For many coffee shops, the espresso machine is the backbone of the business, helping to create a beautiful space while providing delicious specialty drinks to loyal clientele. All of our machines come the peace of mind that comes with knowing that you are serving superior coffee on a top of the line machine. We offer extremely competitive prices on equipment, so if you're thinking of starting a cafe, contact us before purchasing a machine.		2019-11-20 20:33:47.649889	2019-11-21 22:12:30.787944	contact@coffeeconnect.com	0869697457	1 Saint Thomas Street - Dublin
2	Our Blog	Buying Green Coffee / February 28 / Donald Shoenholt		A Study with Nexium®  The study of coffee futures as an investment vehicle is fascinating and the results can be treacherous for those who attempt to ride the tiger of this soft commodity market. I have seen many in the roasted and the green coffee business lose their footing and be overwhelmed in a market turn.  It is a fact that while green coffee has been traded in New York since colonial times, and in an organized “safe” fashion since the establishment of a coffee exchange in this city in 1882, there is, I think, with the exception of Abba Beyer’s, J.W. Phyfe & Co., only one extant green coffee importing house here that is over 30 years old. The enticement to play the market is so great that it sucks in even the experienced trader. The treachery and volatility of the market are so complete that it buries its devotees while they are still breathing.  The speculators and fund managers control the market, today; unlike when I was a boy and supply and demand were preeminent, and the largest roasters would, with their buying practices, determine when the market would spike.  Arbitrage, realpolitik, and other factors often supersede weather, geothermal, and local political events in origin countries as drivers of price today. But, as in the past 150 years, above all is Brazil, and her sometimes booming, currently busting economy, her vast ability to produce beans, and her weather patterns, that are somewhat less than coffee friendly or predictable. It is an old Coffeeman’s adage, “When Brazil sneezes, we all catch cold.” ... 			2019-11-20 20:57:15.638499	2019-11-23 09:41:02.658076	1 Saint Thomas Street - Dublin	0869697457	contact@coffeeconnect.com
\.


--
-- Name: site_contents_id_seq; Type: SEQUENCE SET; Schema: public; Owner: postgres
--

SELECT pg_catalog.setval('site_contents_id_seq', 2, true);


--
-- Data for Name: users; Type: TABLE DATA; Schema: public; Owner: postgres
--

COPY users (id, email, encrypted_password, reset_password_token, reset_password_sent_at, remember_created_at, created_at, updated_at, admin, name) FROM stdin;
5	d@cc.com	$2a$11$DxgkdmewPojJ/TwE7EdD2u3.fJVz7PijUz1R2P/lXR3TgBjORy/2O	\N	\N	\N	2019-11-21 17:13:43.186407	2019-11-21 17:13:43.186407	\N	\N
4	user1@cc.com	$2a$11$EoX1pdCO1CCOZ9ArIMS3muaUKOCki9cpsOJV54FUqkCiaxBLYXOH6	\N	\N	\N	2019-11-21 17:13:11.350813	2019-11-21 17:14:19.654599	\N	User1
1	admin@cc.com	$2a$11$9QAfFBKIPR1irzcm.Pdhc.lbGlv0MNzqLQtN.oD3JW.FDZ6v0.mRq	\N	\N	\N	2019-11-19 14:35:53.956341	2019-11-21 20:19:09.973735	t	Admin
7	dylan.mccarthy1@gmail.com	$2a$11$GhdWDmooumHjdrg4w5MZO.eHLVhLUB8jHSWa5U.jWmA19bpf5tige	\N	\N	\N	2019-11-22 15:34:16.590768	2019-11-22 15:34:16.590768	\N	Dylan McCarthy
8	usertest@test.com	$2a$11$oneDqAPYUHiWUEniKXgYgOyfeN98G4CMwkdfquR/RlEYB5iaPpWp6	\N	\N	\N	2019-11-22 18:17:44.356665	2019-11-22 18:17:44.356665	\N	usertest
2	tom@cc.com	$2a$11$wiXq3OLG.l/d4qzajR4Iq.YIPLFLLlE2FcLUG43sbnro2awtQd/hi	\N	\N	\N	2019-11-19 15:12:18.979489	2019-11-23 07:14:58.279546	f	Tom
6	test@cc.com	$2a$11$9cZdmCMqRqsQ/BrJonsEjO39sX6ck2UlHZNO.H8uojnjezlOBdsSi	\N	\N	\N	2019-11-21 17:21:22.97352	2019-11-23 09:28:53.702348	t	Test
3	dave@cc.com	$2a$11$ZuXd57OzhfSPQsI9tbjGQu0XfSHABr7QwK1IauYiMZjZQ.lk9TGym	\N	\N	\N	2019-11-21 11:34:01.38864	2019-11-23 18:19:24.20669	f	Dave
\.


--
-- Name: users_id_seq; Type: SEQUENCE SET; Schema: public; Owner: postgres
--

SELECT pg_catalog.setval('users_id_seq', 8, true);


--
-- Name: ar_internal_metadata_pkey; Type: CONSTRAINT; Schema: public; Owner: postgres; Tablespace: 
--

ALTER TABLE ONLY ar_internal_metadata
    ADD CONSTRAINT ar_internal_metadata_pkey PRIMARY KEY (key);


--
-- Name: categories_pkey; Type: CONSTRAINT; Schema: public; Owner: postgres; Tablespace: 
--

ALTER TABLE ONLY categories
    ADD CONSTRAINT categories_pkey PRIMARY KEY (id);


--
-- Name: orderitems_pkey; Type: CONSTRAINT; Schema: public; Owner: postgres; Tablespace: 
--

ALTER TABLE ONLY orderitems
    ADD CONSTRAINT orderitems_pkey PRIMARY KEY (id);


--
-- Name: orders_pkey; Type: CONSTRAINT; Schema: public; Owner: postgres; Tablespace: 
--

ALTER TABLE ONLY orders
    ADD CONSTRAINT orders_pkey PRIMARY KEY (id);


--
-- Name: products_pkey; Type: CONSTRAINT; Schema: public; Owner: postgres; Tablespace: 
--

ALTER TABLE ONLY products
    ADD CONSTRAINT products_pkey PRIMARY KEY (id);


--
-- Name: schema_migrations_pkey; Type: CONSTRAINT; Schema: public; Owner: postgres; Tablespace: 
--

ALTER TABLE ONLY schema_migrations
    ADD CONSTRAINT schema_migrations_pkey PRIMARY KEY (version);


--
-- Name: site_contents_pkey; Type: CONSTRAINT; Schema: public; Owner: postgres; Tablespace: 
--

ALTER TABLE ONLY site_contents
    ADD CONSTRAINT site_contents_pkey PRIMARY KEY (id);


--
-- Name: users_pkey; Type: CONSTRAINT; Schema: public; Owner: postgres; Tablespace: 
--

ALTER TABLE ONLY users
    ADD CONSTRAINT users_pkey PRIMARY KEY (id);


--
-- Name: index_orderitems_on_order_id; Type: INDEX; Schema: public; Owner: postgres; Tablespace: 
--

CREATE INDEX index_orderitems_on_order_id ON orderitems USING btree (order_id);


--
-- Name: index_orders_on_user_id; Type: INDEX; Schema: public; Owner: postgres; Tablespace: 
--

CREATE INDEX index_orders_on_user_id ON orders USING btree (user_id);


--
-- Name: index_users_on_email; Type: INDEX; Schema: public; Owner: postgres; Tablespace: 
--

CREATE UNIQUE INDEX index_users_on_email ON users USING btree (email);


--
-- Name: index_users_on_reset_password_token; Type: INDEX; Schema: public; Owner: postgres; Tablespace: 
--

CREATE UNIQUE INDEX index_users_on_reset_password_token ON users USING btree (reset_password_token);


--
-- Name: fk_rails_10745a926d; Type: FK CONSTRAINT; Schema: public; Owner: postgres
--

ALTER TABLE ONLY orderitems
    ADD CONSTRAINT fk_rails_10745a926d FOREIGN KEY (order_id) REFERENCES orders(id);


--
-- Name: fk_rails_f868b47f6a; Type: FK CONSTRAINT; Schema: public; Owner: postgres
--

ALTER TABLE ONLY orders
    ADD CONSTRAINT fk_rails_f868b47f6a FOREIGN KEY (user_id) REFERENCES users(id);


--
-- Name: public; Type: ACL; Schema: -; Owner: postgres
--

REVOKE ALL ON SCHEMA public FROM PUBLIC;
REVOKE ALL ON SCHEMA public FROM postgres;
GRANT ALL ON SCHEMA public TO postgres;
GRANT ALL ON SCHEMA public TO PUBLIC;


--
-- PostgreSQL database dump complete
--

